Title,Rating,Voting,Duration
1. Twisters,6.5, (168K),2h 2m
2. Gladiator II,6.5, (230K),2h 28m
3. Sonic the Hedgehog 3,6.9, (59K),1h 50m
4. Kraven the Hunter,5.5, (55K),2h 7m
5. Deadpool & Wolverine,7.6, (492K),2h 8m
6. Civil War,7.0, (237K),1h 49m
7. Dune: Part Two,8.5, (625K),2h 46m
8. The Ministry of Ungentlemanly Warfare,6.8, (135K),2h 2m
9. Venom: The Last Dance,6.0, (117K),1h 50m
10. The Beekeeper,6.3, (157K),1h 45m
11. The Count of Monte-Cristo,7.6, (34K),2h 58m
12. Freaky Tales,7.2, (1.2K),1h 47m
13. Furiosa: A Mad Max Saga,7.5, (285K),2h 28m
14. Transformers One,7.6, (51K),1h 44m
15. Carry-On,6.5, (165K),1h 59m
16. Borderlands,4.7, (48K),1h 41m
17. Fight or Flight,6.4, (7.1K),1h 37m
18. The Fall Guy,6.8, (221K),2h 6m
19. The Crow,4.7, (35K),1h 51m
20. Road House,6.2, (168K),2h 1m
21. Rebel Ridge,6.8, (88K),2h 11m
22. Pushpa: The Rule - Part 2,6.1, (56K),3h 21m
23. Madame Web,4.0, (101K),1h 56m
24. The Lord of the Rings: The War of the Rohirrim,6.3, (31K),2h 14m
25. Elevation,5.6, (22K),1h 31m
26. Absolution,5.2, (8.1K),1h 52m
27. Bad Boys: Ride or Die,6.5, (100K),1h 55m
28. Red One,6.3, (140K),2h 3m
29. Solo Leveling: ReAwakening,8.8, (12K),2h 1m
30. Love Lies Bleeding,6.6, (57K),1h 44m
31. Argylle,5.6, (93K),2h 19m
32. Damsel,6.1, (110K),1h 50m
33. William Tell,5.7, (2.5K),2h 13m
34. The Union,5.4, (53K),1h 47m
35. Godzilla x Kong: The New Empire,6.0, (122K),1h 55m
36. Kingdom of the Planet of the Apes,6.9, (152K),2h 25m
37. Land of Bad,6.6, (51K),1h 53m
38. Hellboy: The Crooked Man,4.5, (14K),1h 39m
39. Kung Fu Panda 4,6.3, (68K),1h 34m
40. Werewolves,4.4, (6.6K),1h 33m
41. Homestead,5.3, (3.6K),1h 52m
42. Survive,4.5, (2.5K),1h 30m
43. Monkey Man,6.8, (92K),2h 1m
44. Aftermath,5.1, (4K),1h 37m
45. The Killer's Game,5.8, (17K),1h 44m
46. The Instigators,6.2, (38K),1h 41m
47. Beverly Hills Cop: Axel F,6.4, (81K),1h 58m
48. Lift,5.5, (49K),1h 47m
49. Gunner,3.2, (2.7K),1h 46m
50. Classified,3.7, (2.6K),1h 45m
51. Blitz,6.2, (16K),2h
52. Uglies,4.7, (33K),1h 40m
53. Maharaja,8.4, (67K),2h 21m
54. The Killer,5.7, (13K),2h 6m
55. Old Guy,5.2, (2.4K),1h 34m
56. Drive-Away Dolls,5.4, (23K),1h 24m
57. Attack on Titan the Movie: The Last Attack,9.2, (16K),2h 25m
58. Thelma,7.0, (23K),1h 38m
59. Atlas,5.6, (56K),1h 58m
60. Azrael,5.4, (11K),1h 26m
61. Descendants: The Rise of Red,4.7, (7K),1h 31m
62. Arcadian,5.5, (23K),1h 32m
63. Toofan,7.4, (8.1K),2h 25m
64. Watchmen: Chapter I,7.1, (6.6K),1h 23m
65. Marco,6.8, (21K),2h 25m
66. Apocalypse Z: The Beginning of the End,6.1, (20K),1h 57m
67. Dirty Angels,4.3, (3.4K),1h 44m
68. Canary Black,5.3, (12K),1h 41m
69. Cash Out,4.8, (3K),1h 32m
70. Trigger Warning,4.6, (19K),1h 46m
71. Under Paris,5.2, (36K),1h 44m
72. Kalki 2898 AD,7.0, (67K),3h
73. Armor,3.5, (4.1K),1h 29m
74. Long Gone Heroes,5.2, (1.1K),1h 41m
75. Trouble,6.2, (6.9K),1h 38m
76. Rebel Moon - Part Two: The Scargiver,5.3, (59K),2h 2m
77. Jackpot!,5.8, (30K),1h 46m
78. 11 Rebels,6.3, (424),2h 35m
79. Twilight of the Warriors: Walled In,7.0, (9.5K),2h 6m
80. Brothers,5.4, (13K),1h 29m
81. Amaran,8.1, (19K),2h 47m
82. The Shadow Strays,6.5, (9.2K),2h 24m
83. Duchess,4.6, (1.4K),1h 54m
84. The Silent Hour,6.1, (7.5K),1h 39m
85. The Fix,4.6, (1.2K),1h 38m
86. Red Right Hand,5.5, (5.9K),1h 51m
87. Weekend in Taipei,5.7, (4.7K),1h 40m
88. Hitpig,5.1, (945),1h 26m
89. Alien: Rubicon,2.4, (344),1h 26m
90. Watchmen: Chapter II,7.0, (3.1K),1h 30m
91. Hounds of War,4.5, (1.8K),1h 35m
92. Harbin,6.2, (664),1h 48m
93. Fighter,6.2, (52K),2h 46m
94. Uprising,6.6, (5.6K),2h 6m
95. No Way Up,4.6, (11K),1h 30m
96. Boneyard,4.1, (5K),1h 36m
97. Role Play,5.5, (19K),1h 40m
98. Hagen,6.0, (1.2K),2h 19m
99. Cloud,6.3, (1.2K),2h 4m
100. Damaged,4.7, (7.3K),1h 37m
101. Bangkok Dog,4.8, (202),1h 25m
102. Megamind vs. The Doom Syndicate,2.5, (5.6K),1h 23m
103. Chief of Station,4.7, (4.6K),1h 37m
104. Take Cover,5.1, (2.5K),1h 30m
105. Relay,7.5, (108),1h 52m
106. The Prosecutor,6.7, (2K),1h 57m
107. Karma,8.0, (1.4K),2h 47m
108. Baby John,5.2, (17K),2h 39m
109. The Courier,6.0, (4.4K),1h 41m
110. Viduthalai Part 2,7.8, (16K),2h 50m
111. The Thundermans Return,5.0, (1.8K),1h 10m
112. Hanu Man,7.7, (29K),2h 38m
113. Revolver,5.4, (868),1h 54m
114. Singham Again,4.7, (75K),2h 24m
115. Justice League: Crisis on Infinite Earths - Part One,6.2, (8.5K),1h 33m
116. Baby Invasion,4.6, (465),1h 20m
117. My Spy: The Eternal City,5.7, (11K),1h 52m
118. Pusaka,5.2, (133),1h 30m
119. The Roundup: Punishment,6.6, (5.3K),1h 49m
120. Sikandar Ka Muqaddar,6.0, (24K),2h 22m
121. River of Blood,5.2, (1.8K),1h 26m
122. Levels,5.0, (1.5K),1h 33m
123. Darkness of Man,4.8, (3.2K),1h 49m
124. The Quiet Ones,6.3, (694),1h 50m
125. One More Shot,5.4, (3.7K),1h 43m
126. Zero,6.1, (71),1h 28m
"127. I, the Executioner",6.4, (1.8K),1h 58m
128. Jigra,6.0, (24K),2h 33m
129. Prey,3.7, (3.3K),1h 26m
130. Devara Part 1,6.0, (20K),2h 56m
131. Justice League: Crisis on Infinite Earths - Part Three,6.1, (4.5K),1h 34m
132. Badland Hunters,5.9, (12K),1h 47m
133. The Last of Us: Immunity,5.0, (20),1h 4m
134. My Hero Academia: You're Next,7.0, (2.2K),1h 50m
135. Aavesham,7.8, (28K),2h 35m
136. London Calling,7.5, (23),1h 49m
137. Sunray: Fallen Soldier,4.3, (641),1h 55m
138. Code 8: Part II,5.7, (16K),1h 40m
139. Raqa,5.6, (218),1h 47m
140. Striking Rescue,5.7, (435),1h 46m
141. Ultraman: Rising,6.9, (6.4K),1h 57m
142. Demon Slayer: Kimetsu No Yaiba - To the Hashira Training,7.1, (8.5K),1h 44m
143. The Price of Money: A Largo Winch Adventure,5.0, (1.2K),1h 40m
144. Dominique,5.3, (2.2K),1h 40m
145. The Clean Up Crew,4.1, (1.2K),1h 35m
146. Utopia,3.6, (363),1h 31m
147. Officer Black Belt,6.8, (8.3K),1h 48m
148. Mafia Wars,3.4, (243),1h 34m
149. Air Force One Down,4.4, (2.9K),1h 24m
150. Death Whisperer 2,6.4, (1.4K),1h 50m
151. Dan Da Dan: First Encounter,8.2, (2.7K),1h 23m
152. Joe Baby,7.4, (32),1h 26m
153. The Wages of Fear,4.6, (4.1K),1h 44m
154. Night Call,6.8, (2K),1h 37m
155. Pani,6.9, (3K),2h 23m
156. KA,7.1, (1.6K),2h 31m
157. Simarik,6.5, (2.7K),1h 51m
158. Anaconda,4.9, (637),1h 24m
159. Cesium Fallout,6.4, (708),2h 16m
160. Dark Match,5.4, (956),1h 34m
161. Latency,4.2, (2.6K),1h 34m
162. Article 370,7.8, (25K),2h 38m
163. The Family Star,5.4, (5.5K),2h 39m
164. Life After Fighting,6.4, (2K),2h 6m
165. Kill Em All 2,4.1, (1.3K),1h 28m
166. One Fast Move,5.0, (2.2K),1h 48m
168. 40 Acres,6.9, (137),1h 53m
169. Rogue Elements: A Ryan Drake Story,4.7, (981),44m
170. Murder Company,3.7, (1.6K),1h 26m
171. Elyas,6.1, (1.4K),1h 45m
172. Justice League: Crisis on Infinite Earths - Part Two,5.5, (5.3K),1h 34m
173. Bougainvillea,6.4, (3.2K),2h 18m
174. 200% Wolf,5.9, (1.3K),1h 38m
175. Savi,6.1, (35K),2h 6m
176. Handsome Guys,6.5, (850),1h 41m
177. Lights Out,4.9, (1.8K),1h 30m
178. Rifle Club,7.0, (4.3K),1h 53m
179. Angels Fallen: Warriors of Peace,4.9, (5.8K),1h 43m
180. The Greatest of All Time,5.7, (22K),3h 3m
181. Alienoid: The Return to the Future,6.5, (2.6K),2h 2m
182. Sixty Minutes,5.7, (5.2K),1h 28m
183. City Hunter,6.3, (5.6K),1h 42m
184. Vanvaas,6.6, (1.4K),2h 40m
185. The Twisters,2.5, (341),1h 26m
186. Panda Plan,5.1, (1.3K),1h 39m
187. Escape,6.4, (2K),1h 34m
188. Bloody Escape: Bats out of Hell,5.5, (50),1h 40m
189. The Tiger's Apprentice,5.7, (2.2K),1h 24m
190. Arena Wars,4.8, (2.1K),1h 36m
191. Sorgavaasal,6.6, (1.4K),2h 18m
192. Golden Kamuy,6.3, (2.6K),2h 7m
193. Overlord: The Sacred Kingdom,6.9, (998),2h 15m
194. Saripodhaa Sanivaaram,7.0, (9.1K),2h 46m
195. Agent Recon,2.4, (678),1h 25m
196. All the Lost Ones,3.7, (251),1h 46m
197. Heart of the Hunter,4.7, (2.2K),1h 45m
198. Freedom,5.9, (1.4K),1h 50m
199. Khadaan,7.1, (2.1K),2h 17m
200. Agni,7.2, (15K),2h 2m
201. Paradox Effect,6.0, (8.6K),1h 27m
202. Operation Blood Hunt,3.4, (489),1h 33m
203. Wynonna Earp: Vengeance,5.6, (1.5K),1h 36m
204. Everybody Loves Jenifa,8.3, (88),2h 15m
205. The Last Kumite,4.6, (2.3K),1h 45m
206. Hijack 1971,6.8, (3.3K),1h 40m
207. Bade Miyan Chote Miyan,3.8, (39K),2h 43m
208. Die Hart 2: Die Harter,4.3, (5.5K),1h 32m
209. Outlaw,5.2, (936),1h 22m
210. Sheriff,6.9, (1.1K),2h 13m
211. Kahar: Kapla High Council,6.9, (465),1h 42m
212. Kanguva,4.5, (15K),2h 32m
213. How to Rob a Bank,6.6, (4.2K),1h 28m
214. Bad Boyz,3.2, (684),2h 30m
215. Guntur Kaaram,5.4, (25K),2h 39m
216. Yodha,5.7, (8.9K),2h 10m
217. A.R.M,7.1, (8.7K),2h 30m
218. Hellhound,4.3, (507),1h 43m
219. Tales Beyond the Galaxy,4.7, (182),1h 16m
220. Devil's Knight,5.2, (899),1h 30m
221. 72 Hours,4.1, (288),1h 27m
222. Nice Girls,4.2, (1.2K),1h 32m
223. A Legend,4.7, (913),2h 9m
224. Black Heat,8.5, (119),1h 33m
225. Bonnie,7.3, (37),2h
226. Vettaiyan,7.0, (39K),2h 43m
227. The Hangman,3.3, (1K),1h 32m
228. Continental Split,3.6, (546),1h 28m
229. Chandu Champion,7.8, (34K),2h 22m
230. Mahadev Ka Gorakhpur,7.6, (389),2h 11m
231. Fight Another Day,4.9, (359),1h 37m
232. Wanted Man,4.8, (2.6K),1h 25m
233. Ferry 2,5.6, (3.8K),1h 34m
234. Ryan's World the Movie: Titan Universe Adventure,1.8, (691),1h 20m
235. 12 to Midnight,3.6, (285),1h 36m
236. The Last Front,5.5, (614),1h 38m
237. Bagheera,6.7, (7.4K),2h 38m
238. The Lockdown,4.3, (613),1h 57m
239. WWII: Operation Phoenix,6.2, (78),1h 46m
240. Alien Country,4.4, (364),1h 36m
241. Snow White and the Seven Samurai,3.2, (298),1h 28m
242. War of the Worlds: Extinction,3.0, (207),1h 24m
243. Raayan,6.5, (11K),2h 25m
244. The Firefighters,5.7, (202),1h 46m
245. Thangalaan,6.6, (6.6K),2h 36m
246. Drive Back,4.6, (380),1h 34m
247. Vedaa,6.0, (4.3K),2h 25m
248. Cells at Work!,6.7, (245),1h 49m
249. Rats!,6.6, (129),1h 25m
250. Jacob Tyler,4.3, (59),2h 13m
251. Dirty Money,5.6, (140),1h 40m
"252. Love, Courage and the Battle of Bushy Run",5.0, (183),1h 53m
253. Bionic,4.3, (1.7K),1h 50m
254. Max,7.1, (3.4K),2h 12m
255. The Ballad of Davy Crockett,4.6, (248),1h 36m
256. Mura,7.3, (6.3K),2h 9m
257. Auron Mein Kahan Dum Tha,6.5, (41K),2h 30m
258. Shark Warning,3.4, (280),1h 34m
259. Terminator: Skynet Rising,6.7, (268),1h 28m
260. Citizen of a Kind,6.7, (828),1h 54m
261. Escape from the 21st Century,6.5, (887),1h 38m
262. Art of Eight Limbs,4.0, (316),1h 41m
263. Kingdom 4: Return of the Great General,7.1, (1.3K),2h 25m
264. Invasion,4.8, (683),1h 31m
265. Get Fast,3.7, (460),1h 28m
266. Eagle,5.9, (4.9K),2h 39m
267. Mission: Cross,6.1, (2.6K),1h 45m
269. Don't Mess with Grandma,6.0, (156),1h 21m
270. GTMax,5.0, (1.3K),1h 40m
271. Bhaiyya Ji,4.8, (7.4K),2h 30m
272. School of Magical Animals 3,5.8, (315),1h 45m
273. Naam,6.3, (278),2h 16m
274. Virunnu,6.9, (901),2h 5m
275. The Friendly,8.1, (15),1h 41m
276. Yolo,6.9, (3.7K),2h 9m
277. Operation Undead,4.6, (407),1h 50m
278. Stuntman,6.9, (174),1h 54m
279. 5 Pounds of Pressure,6.7, (16),1h 51m
280. Roadkill,3.7, (686),1h 30m
281. The Bouncer,4.1, (93),1h 18m
283. Conquer: Lahad Datu,6.6, (517),2h
284. Cassino in Ischia,4.4, (242),1h 53m
285. Martin,2.2, (36K),2h 27m
286. Big City Greens the Movie: Spacecation,6.2, (543),1h 23m
287. Pimpinero: Blood and Oil,5.6, (552),2h 1m
288. Tillu Square,6.6, (3.4K),2h 17m
289. The Last Ronin,4.9, (577),1h 55m
290. Hunting with Tigers,5.6, (537),1h 49m
291. Six jours,6.1, (104),1h 35m
292. Snatched,4.9, (210),1h 41m
293. Sons of Rizk 3,6.7, (1.7K),2h 5m
294. Warrior Awang and Master Tok Gajah,4.6, (476),1h 58m
295. Nothing Even Matters,5.5, (77),1h 30m
296. Taken from Rio Bravo,3.0, (315),1h 20m
297. Crakk: Jeetega... Toh Jiyegaa,4.7, (6.5K),2h 34m
298. No Time to Spy: A Loud House Movie,6.4, (450),1h 21m
299. American Underdog,8.7, (24),1h 29m
300. Dharmarakshak Mahaveer Chhatrapati Sambhaji Maharaj,8.1, (661),2h 54m
301. Ka Whawhai Tonu,7.3, (179),1h 55m
302. Troubleshooters,6.5, (418),1h 50m
303. I Heart Robots,4.6, (2.4K),1h 16m
304. The Charisma Killers,6.2, (658),1h 41m
305. Yudhra,5.0, (13K),2h 22m
306. UI,6.8, (5.7K),2h 15m
307. Je Jatt Vigarh Gya,5.6, (825),2h 12m
308. Spiders on a Plane,5.1, (374),1h 18m
309. The Moon Thieves,6.1, (254),1h 48m
310. Deaner '89,5.9, (420),1h 30m
311. Barroz: Guardian of Treasures,3.5, (1K),2h 35m
312. Nu Huo 12 Xiao Shi,6.0, (50),1h 26m
313. Non Negotiable,5.4, (1.2K),1h 27m
315. Big Rage,3.6, (165),1h 55m
316. Customs Frontline,5.4, (492),1h 55m
317. Agents,3.3, (936),1h 22m
318. Sasan,8.7, (73),2h 35m
319. Razakar: The Silent Genocide of Hyderabad,7.4, (5.3K),2h 46m
320. Tiger's Trigger,4.2, (18),1h 24m
321. S.T.A.L.K.E.R.: Shadow of the Zone,5.1, (471),1h 12m
322. Garudan,7.1, (3.3K),2h 13m
323. Mongol,8.6, (95),2h 35m
324. Ghost Killer,7.0, (76),1h 45m
325. Checkmate,4.3, (390),1h 44m
326. Rajakili,6.7, (588),2h 2m
327. Crisis Negotiators,6.7, (717),2h
328. Baby Assassins: Nice Days,7.3, (307),1h 43m
329. Lady Scorpions,3.6, (369),1h 41m
330. The Kingdom,7.9, (91),2h 13m
331. Mirza: Part 1 - Joker,6.8, (241),2h 45m
332. Love You to Debt,6.2, (759),2h 15m
333. Mr. Bachchan,3.6, (5.3K),2h 30m
334. The Experts,6.1, (281),2h 1m
335. Black Creek,7.7, (10),1h 56m
336. Go for Broke,5.7, (272),1h 55m
337. Babu,7.4, (186),2h 22m
338. Eye for an Eye 2,6.6, (507),1h 30m
339. Crosspoint,6.5, (43),1h 40m
341. Ayalaan,6.0, (4K),2h 35m
342. Iron Fighter,3.7, (65),1h 20m
343. The Day Everything Changed,8.0, (80),1h 37m
344. Lal Salaam,4.5, (1.3K),2h 30m
345. Midas,4.7, (340),1h 25m
346. Mobile Suit Gundam SEED Freedom,6.6, (953),2h 4m
347. Paradise,6.9, (78),1h 23m
348. Rendel: Cycle of Revenge,3.6, (245),1h 39m
349. (Pri)sons,5.0, (275),1h 40m
350. Breaking and Re-entering,5.8, (445),1h 49m
351. The Plot,4.8, (383),1h 40m
352. Baki Hanma VS Kengan Ashura,5.7, (1.9K),1h 2m
353. UmroAyyar - A New Beginning,6.9, (675),2h 15m
354. Purushothamudu,5.1, (2.3K),2h
355. Bidurbhai,9.2, (380),2h 28m
356. Aserb: The Squadron,5.2, (307),2h
357. Sikaar,8.3, (677),2h 30m
358. 6 Hours Away,3.9, (247),1h 33m
359. Kizumonogatari: Koyomi Vamp,7.0, (91),2h 24m
360. Harom Hara,6.6, (3K),2h 34m
361. Gandhi 3,5.5, (239),2h 23m
363. Yuva,5.8, (839),2h 33m
364. Appudo Ippudo Eppudo,4.7, (231),2h
365. Hit List,5.5, (313),2h 5m
366. Road Wars: Max Fury,2.0, (350),1h 23m
367. Ruslaan,3.3, (1.2K),2h
368. Malayalee from India,5.6, (5K),2h 40m
369. Fighting the Fire,8.5, (1.7K),1h 55m
370. Bangkok Breaking: Heaven and Hell,5.8, (669),2h 26m
371. Star Abyss,3.8, (251),1h 26m
372. Siren,6.4, (2.9K),2h 34m
373. Sabari,6.5, (5.4K),2h 9m
374. They Call Her Death,6.8, (28),1h 32m
375. Bachhala Malli,8.3, (3.9K),2h 20m
376. Correr para Vivir,7.0, (197),1h 37m
377. The Heist,6.9, (2K),2h
378. Anunnakiler,2.5, (453),1h 16m
379. First Nights at Freddy's,9.3, (16),1h 38m
381. Hunt the Wicked,5.3, (114),1h 42m
382. Malaikottai Vaaliban,6.0, (4.1K),2h 36m
383. Bureau 749,4.0, (533),2h 3m
384. Double Ismart,2.9, (2.1K),2h 36m
385. Samandar,7.7, (140),2h 52m
386. Operation Valentine,5.3, (1.4K),2h 13m
387. The Traveller,5.2, (208),2h 14m
388. Alangu,8.1, (1.2K),2h 11m
389. The Actor,3.4, (733),2h 8m
390. Drive,5.6, (334),1h 30m
391. Kondal,5.4, (775),2h 27m
392. Clownface 3,9.0, (36),1h 44m
393. My Fathers' Daughter,6.7, (74),1h 18m
394. The Lost Tiger,7.9, (45),1h 30m
395. Bohurupi,8.3, (1.4K),2h 35m
396. The Epidemic,5.7, (72),1h 35m
397. The Unbreakable Bunch,7.3, (27),R
398. 12 Gaun,6.3, (884),2h 27m
399. Fyre Rises,6.5, (322),1h 50m
400. Bhaje Vaayu Vegam,6.1, (555),2h 16m
401. Shark Island,3.2, (115),1h 21m
402. Buddy,3.8, (346),2h 17m
403. Die Chaosschwestern und Pinguin Paul,5.7, (68),1h 40m
404. Memes & Nightmares,5.7, (86),1h 21m
406. Zebra,7.2, (3.2K),2h 44m
407. Camp Blood: Clown Shark,3.3, (87),1h 10m
408. Jorge da Capadócia,6.4, (133),1h 59m
409. Nintama Rantaro Dokutake Ninja-tai Saikyou no Gunshi,6.9, (21),1h 30m
410. Turbo,5.9, (3.6K),2h 35m
411. Captain Miller,6.5, (8.6K),2h 37m
413. Where Is Gilgamesh?,9.0, (607),1h 30m
414. Mazhai Pidikatha Manithan,4.5, (424),2h 13m
415. Game On,5.3, (2.3K),2h 20m
416. Hitler,5.2, (305),2h 8m
417. Por,5.1, (616),2h 34m
418. Prepare to Die,4.6, (236),1h 33m
419. Red vs. Blue: Restoration,5.6, (137),1h 25m
420. Tòkunbò,3.9, (296),1h 53m
421. Sucha Soorma,6.4, (918),2h 16m
422. Mummy Shark,2.0, (178),1h 6m
423. Buying Time,6.2, (438),1h 24m
424. Ship of the Damned,2.8, (298),1h 28m
425. Bull Shark 2,2.9, (165),1h 15m
427. Ghosts of Red Ridge,3.3, (158),1h 21m
428. Taklee Genesis x Worlds Collide,5.4, (411),2h 26m
429. Bastar: The Naxal Story,6.4, (3.3K),2h 4m
430. The Mick and the Trick,4.9, (76),1h 36m
431. Mission: Chapter 1,5.9, (1.7K),2h 24m
432. Ameena,6.4, (19),1h 47m
433. Spirit Riser,6.7, (33),1h 38m
434. Touchdown,6.8, (14),1h 18m
435. Speed 220,6.8, (1K),1h 54m
436. Echo 8,3.9, (201),1h 36m
438. The Desperate Chase,5.5, (60),1h 50m
439. The Omicron Killer,2.9, (596),1h 38m
440. Sayen: The Huntress,4.4, (255),1h 28m
441. Agastya - Chapter 1,6.9, (597),2h 48m
442. Matka,4.7, (586),2h 36m
443. Gangs of Godavari,5.0, (909),2h 45m
444. Ame no naka no yokujô,5.9, (77),2h 12m
445. Losing Lerato 2,9.1, (34),1h 36m
446. Kung Fu Games,3.3, (381),1h 38m
447. Diabel,5.1, (254),1h 48m
448. Shu Si Yi Bo,6.7, (33),1h 31m
449. Guy Manley: Super Spy,4.4, (117),1h 32m
450. Ballistic,2.2, (161),1h 35m
451. The Circuit 4: Faith Fighter,4.3, (89),1h 30m
452. I Am What I Am 2,7.5, (206),2h 14m
453. DNA,5.1, (210),2h 36m
454. The Last Chainsaw Massacre,3.7, (42),1h 15m
455. Vixen,5.3, (200),1h 28m
456. Young Lion of the West,5.2, (108),1h 33m
457. Sunfall,2.3, (37),1h 14m
458. Onsen shâku,5.9, (32),1h 10m
459. Panjab Files,8.2, (20),1h 57m
460. Mathu Vadalara 2,7.0, (1.7K),2h 19m
461. Clone Cops,6.2, (209),1h 36m
462. Saindhav,5.1, (1.6K),2h 18m
463. Blade of Fury,6.1, (125),1h 30m
464. Jathara,7.8, (1.1K),2h 9m
465. How to Make a Werewolf,5.9, (139),16+
466. Mutant,4.5, (59),1h 30m
468. High Forces,5.7, (530),1h 59m
469. Bonus Trip,4.6, (227),1h 53m
470. Formed Police Unit,4.6, (479),2h
472. Sous écrous,5.3, (51),1h 51m
473. Tokusou Sentai Dekaranger 20th: Fireball Booster,7.0, (33),50m
474. The Infallibles,4.8, (755),1h 39m
475. Dange,5.3, (794),2h 34m
476. Transformers Prime: Galavatron's Revenge,3.4, (10),1h 44m
477. Raju Gari Ammayi Naidu Gari Abbayi,8.2, (3.1K),2h 38m
478. Kill Craft,2.4, (365),1h 39m
479. 24 Hours to D-Day,4.8, (37),1h 23m
480. Rebel,3.1, (65),1h 40m
481. Thundu,5.0, (906),2h 5m
482. The Grey Men,6.4, (71),1h 37m
483. Marni: The Story of Wewe Gombel,5.8, (215),1h 59m
485. The Wild Blade of Strangers,6.2, (113),1h 42m
486. Oru Anveshanathinte Thudakkam,7.1, (830),3h 1m
487. Black Storm,6.7, (65),1h 37m
488. Dragon Ball Z Kai,8.5, (71),1h 22m
490. Bhairadevi,8.7, (50),2h 14m
491. The Miranda Brothers,4.4, (190),1h 39m
492. Ape X Mecha Ape: New World Order,2.8, (135),1h 27m
494. Jithender Reddy,7.9, (2.4K),2h 16m
495. Kali,5.1, (418),1h 36m
496. Shekko,6.0, (565),2h
497. In Tenebras: Into the Darkness,3.3, (174),1h 30m
498. Indrani: Epic-1 Dharam vs Karam,7.6, (1.1K),2h 37m
499. Dreams,7.6, (8),1h 46m
501. Karma,4.1, (19),1h 51m
502. Sector 17,5.5, (1.3K),2h 26m
503. Gam Gam Ganesha,5.3, (310),2h 20m
505. Serra das Almas,5.4, (14),2h
506. Devaki Nandana Vasudeva,6.6, (2.7K),2h 8m
507. Desperado,5.9, (144),1h 40m
508. Athhoi,8.0, (134),2h 38m
509. Kadakan,4.0, (113),2h 8m
511. Gold Raiders,2.0, (183),1h 28m
512. Soodhu Kavvum 2: Naatum Naatu Makkalum,3.7, (202),2h 9m
513. Bandaa Singh Chaudhary,6.2, (5.2K),1h 53m
514. Texas Twister,2.5, (158),1h 28m
515. Captain Avispa,5.8, (177),1h 36m
516. Kamen Rider 555 20th: Paradise Regained,5.9, (142),1h 5m
518. Death Game,6.3, (24),1h 28m
519. Honeko Akabane's Bodyguards,5.9, (41),1h 57m
520. Saint Young Men: Holy Men vs Demon Army,3.0, (14),1h 33m
521. Bond of Justice: Kizuna Part I - Encounter,6.2, (18),1h 32m
523. Hell City,9.1, (27),1h 30m
524. Next to Us,4.8, (225),2h 5m
525. The Vampire and the Vigilante,3.6, (51),1h 15m
526. Rang De Basanti,8.8, (145),2h 54m
528. Polar,4.4, (29),1h 16m
529. Love You as the World Ends Final,6.3, (38),1h 55m
531. The Alexandrian,3.8, (254),1h 44m
533. Shadows of Betrayal: Chronicles of Ian Blair,7.3, (12),1h 5m
537. Hiranya,5.6, (20),2h 18m
538. London Gangsters,4.3, (11),1h 44m
539. SCP: The Infinite Mission,6.0, (32),16+
540. Too Little Too Late,5.5, (8),1h 6m
541. Lisabi: The Uprising,6.1, (125),1h 47m
542. Uninvited,6.5, (78),1h 33m
543. Türkler Çildirmis Olmali 2: Mavi Vatan,2.2, (158),1h 40m
544. Fuuto PI: Portrait of Kamen Rider Skull,7.5, (42),1h 22m
545. Dark Fusion,8.5, (236),1h 30m
546. Neon Fear,5.8, (554),40m
547. Reloaded 2,7.7, (1.1K),45m
548. The Evil Three,6.6, (995),30m
549. Sumaho o otoshita dake na no ni: Saishusho Final Hacking Game,7.0, (23),1h 56m
550. Hrashwo Deergha,8.0, (82),2h 30m
551. The Slave and the Sorcerer,6.7, (40),1h 26m
552. Revenge,1.7, (42),2h 7m
554. Gone with the Dead,4.4, (47),1h 36m
555. Anchakkallakokkan,6.6, (1K),2h 6m
556. Megdan: Between Water and Fire,5.4, (724),1h 46m
558. Chasing Raine,2.3, (187),1h 41m
559. Pottel,8.2, (2.7K),2h 28m
561. Marine Drive,9.5, (50),1h 45m
562. Exorcism Chronicles: The Beginning,7.1, (100),1h 25m
563. Weapon,5.4, (5.5K),2h
565. Tariq,6.2, (18),2h 2m
566. Sentimentaaal,5.3, (977),2h 15m
567. What Happens in Miami,4.3, (220),1h 30m
568. Mechanic Rocky,6.5, (3.4K),2h 36m
570. Dünya Mali: Eksi Bir,7.2, (17),2h 13m
571. Saala,5.7, (1.1K),2h 10m
572. Viswam,4.2, (646),2h 35m
573. Deadzone,4.1, (35),1h 20m
574. Stranded Pearl,6.0, (27),1h 30m
575. Bhimaa,5.1, (1.2K),2h 21m
576. Bloodline,9.2, (49),1h 20m
577. Pranaya Godari,7.8, (2.4K),2h 28m
578. Witch Hunter,5.3, (24),1h 20m
579. Sacrum Vindictae II,4.5, (13),1h 54m
580. Permafrost,5.7, (115),1h 20m
582. South Side Hero,5.4, (37),1h 32m
583. Yakuza Girl,2.3, (66),1h 22m
584. Genis Aile 4: Cevahir & Ulvi,7.0, (54),1h 30m
585. Lie Zhan,6.9, (66),1h 33m
586. Gravediggers,6.5, (30),1h 31m
587. Brattt,4.7, (67),1h 57m
588. Second Life,6.7, (49),1h 45m
589. Komandir,6.4, (523),2h 11m
590. Spider-Man: Final Swing,8.4, (10),2h 33m
592. Purushothamudu,7.4, (14),2h
593. Major Grom: The Game,6.1, (1.9K),2h 48m
594. The Captives,3.5, (66),1h 13m
595. Kuang Bao Ju Xi,5.9, (72),1h 15m
596. Wonderful Precure! The Movie! Doki Doki Game no Sekai de Daiboken,7.0, (35),1h 11m
597. Kamen Rider Gotchard: The Future Daybreak,7.9, (71),1h 3m
598. Cholo Zombies,4.6, (103),1h 36m
599. Average Student Nani,7.5, (2.2K),2h 18m
601. Rob N Roll,6.1, (1.5K),1h 38m
602. Usha Parinayam,9.0, (2.1K),2h 24m
603. Itutumba ka ng tatay ko,5.3, (31),1h 49m
605. Rathnam,5.4, (3.7K),2h 35m
608. Emanet,7.9, (31),1h 37m
609. Bheema,5.8, (954),2h 28m
611. Petta Rap,3.8, (1.7K),2h 3m
614. Pariah Volume 1: Every Street Dog Has a Name,6.9, (388),2h 18m
615. Dark World,4.9, (15),2h 15m
616. The Burden of Nine Lives,4.7, (101),1h 56m
617. Pushpaka Vimanam,5.6, (16),2h 17m
618. The Worlds Divide,8.1, (39),2h
619. Mega Twister,2.5, (52),1h 15m
621. Dhaaak,8.6, (24),2h 8m
622. Zénithal,5.5, (84),1h 20m
"623. Bullets, Brothers and Blood",7.8, (15),1h 25m
624. September Babies,5.8, (289),1h 34m
625. Death Bitch,7.2, (20),1h 28m
626. The Yoshi Movie,7.7, (12),1h 45m
627. Angel of the Warrior,8.5, (134),1h 30m
629. Kamen Rider Geats: Jyamato Awaking,7.9, (75),54m
630. Aho Vikramaarka,7.4, (54),2h 16m
631. Villain - Life of a Gangster,8.9, (157),2h 21m
632. Warning 2,7.1, (887),2h 5m
636. Holy Punch,5.2, (48),1h 38m
637. Iddaru,8.8, (297),2h 28m
638. Ultraman Blazar the Movie: Tokyo Kaiju Showdown,7.5, (86),1h 15m
639. The Escapee 3: The Final Escape,2.6, (64),1h 23m
640. Pungut,6.9, (12),1h 40m
641. Hain,2.9, (45),1h 35m
644. Rode College,6.6, (429),2h 48m
646. Roxana,3.8, (66),1h 38m
650. Neo-Dome,6.7, (17),15m
651. Artist Unknown,8.7, (17),1h 22m
652. Naa Saami Ranga,4.5, (1.2K),2h 30m
653. GATAO: Like Father Like Son,6.8, (70),1h 40m
656. Special Needs Revolt!,9.0, (6),1h 53m
659. Inanimate Insanity II: The Movie,8.4, (232),1h 46m
661. Rocky and Bullwinkle,9.2, (13),1h 40m
662. Crypto Storm,4.8, (34),1h 41m
663. Raktaksha,8.0, (1.4K),1h 58m
666. Raanti,6.6, (1.1K),1h 55m
667. Election,5.8, (803),2h
668. Chaari 111,4.8, (258),2h 10m
670. Hakkenden,5.8, (76),2h 29m
671. Dr. Jason II - Lights & Shadows,4.9, (329),1h 2m
672. Played,6.2, (11),1h 36m
673. Naag Bhoomi,5.7, (8),2h 10m
676. Thankamani,4.6, (229),2h 36m
677. Breaking Tradition,6.9, (26),1h 27m
679. Thiragabadara Saami,6.4, (96),1h 55m
680. Abudeka Is Back,5.3, (35),2h
681. Abnormal: Buas,5.6, (26),1h 30m
682. Krishnamma,6.2, (366),2h 18m
"683. Silex and the City, le film",4.9, (50),1h 17m
684. Slide or Die the Movie,9.2, (8),2h 7m
685. Appu,8.6, (182),1h 32m
686. Hide and Seek,8.0, (55),2h 10m
691. Killer Ex,3.9, (52),1h 34m
692. Nenu Keerthana,8.9, (2.1K),2h 35m
693. Haraa,5.3, (2.9K),2h 16m
694. Mother Mafia,3.2, (51),1h 20m
695. Shri Swapankumarer Badami Hyenar Kobole,5.6, (324),2h 26m
697. Anthima Theerpu,7.0, (1.5K),2h 13m
698. Charlotte Link - Ohne Schuld,5.5, (41),1h 29m
699. Sarangadhariya,8.4, (3.1K),2h 30m
701. Blocking the Horse,5.8, (14),1h 34m
702. Nothing Unusual,8.9, (13),1h 32m
703. The Mystery of Humanoid Puppet,6.7, (61),1h 28m
704. Mobile Suit Gundam: Silver Phantom,6.1, (13),1h 30m
706. Nasha Jurm Aur Gangsters,6.6, (2.6K),2h 17m
708. The SML YTP Movie 2: Dimension Trouble,8.3, (13),1h 34m
709. Happy Dragons,4.9, (9),1h 37m
711. Surge of Power: Where There's Smoke,6.5, (13),1h 8m
712. Joshua: Imai Pol Kaka,4.5, (585),2h 10m
713. Ajay Gadu,6.9, (1K),1h 48m
714. Di Renjie: Tongtian xuan an,7.2, (16),1h 25m
715. Rock 'n' Roll Ringo,6.3, (54),1h 41m
716. Reeza GTR,7.4, (14),1h 31m
718. Snowstorm,4.5, (6),1h 31m
720. Cândido,6.3, (61),1h 39m
723. Chhota Bheem and the Curse of Damyaan,4.8, (2.3K),2h 25m
724. Fights Break Sphere 3,4.7, (8),1h 21m
725. Supplier Shankara,9.3, (71),2h 43m
726. Shockwaves 2,2.8, (148),1h 19m
728. Wilhelm Gustloff,8.7, (8),1h 50m
729. Chinatown Chacha,5.1, (56),1h 43m
730. Surrender,7.8, (15),2h 29m
732. Bullet,9.0, (569),2h 11m
734. E-mail,5.4, (805),1h 59m
737. Kill the Children first,7.8, (26),1h 46m
740. Inkabi,4.7, (79),1h 41m
741. Joy Hanu Man,8.9, (25),2h 23m
743. The Bodyguard,6.6, (30),1h 27m
744. Bloodlust,8.2, (11),1h 37m
745. Lorry Chapter-1,5.7, (2.4K),3h 3m
749. Joachim and the Apocalypse,7.2, (13),1h 30m
753. Operation Star,7.7, (24),1h 42m
757. El Duro,5.0, (16),1h 30m
758. Mercy Killing,8.7, (2.7K),2h 11m
761. Dangerous Boys 2,5.1, (9),1h 55m
762. Be Forever Yamato: Rebel 3199: Part 1: Dark Invasion,7.0, (9),50m
763. Operation Wakaliga: Fate and Blood,6.7, (11),1h 6m
764. Zoloto Umalty,4.9, (109),1h 49m
765. Yao Shen Ling,6.7, (66),1h 33m
769. Ugravatara,7.9, (552),2h 2m
770. Hope & Glory,6.6, (145),44m
773. Kiyma: Orman Kanunlari,4.5, (36),1h 21m
776. Jigar,7.1, (18),2h 2m
777. Jurassic Exorcist,3.8, (23),1h 16m
779. The Dragon's Tomb,6.8, (52),1h 17m
780. Codename: Devil,5.4, (5),1h 44m
781. Zhi Bao,5.7, (17),1h 40m
783. Halloween: Mal Eterno,8.2, (225),50m
784. Kreem,6.8, (128),1h 55m
786. Opportunity,8.9, (91),1h 36m
792. Kohinoor,8.1, (22),1h 59m
794. Framed,4.9, (69),Not Rated
796. Vey Dharuvey,6.4, (2.3K),2h 7m
797. Mirg,6.1, (36),1h 23m
798. The Very Last Christmas,8.5, (12),1h 15m
799. Sith Wars: Episódio III - Fantasmas Dos Sith,8.6, (115),1h 39m
801. Inherited,9.5, (21),1h 16m
802. The Drunken Prodigy,5.7, (16),1h 47m
803. The Delegator,4.2, (17),1h 36m
804. Skhvatka,5.2, (23),1h 47m
806. Inexternal,3.2, (19),1h 23m
810. The Journey of Flower,3.9, (26),1h 37m
811. The Correct Way of Youth,9.3, (782),1h 30m
813. Achilles Curse and the Curse of Treasure,7.4, (25),2h 5m
815. Hocus Focus,7.9, (19),1h 25m
816. Dhil Raja,9.4, (131),1h 46m
817. Raja 420,6.1, (21),1h 21m
818. The Bottom Line,6.5, (12),1h 47m
820. Ohsama Sentai King-Ohger vs. Donbrothers,6.8, (37),26m
822. Combat Code: Hunt,7.4, (17),1h 16m
823. Big Brother,8.5, (2K),1h 55m
826. Kaveri,6.8, (1.5K),1h 41m
830. Common Creed: Trafficking,6.7, (8),1h 46m
831. Give Me Babies,6.7, (6),23m
833. Agent 86,6.7, (6),1h 27m
836. Gull Lake Vice II: The Delusion Continues,8.2, (16),58m
837. Usire Usire,7.5, (1.1K),2h 31m
839. Janna Endoro,8.1, (15),2h
845. Dead Hand,4.1, (75),1h 32m
846. Firework,6.2, (13),1h
847. Day of the Diesels,7.7, (10),1h 40m
848. Kaale Angrej,5.5, (17),2h 11m
849. Break War,2.4, (15),1h 26m
850. Klaantha,6.2, (518),1h 47m
853. Mavr,7.5, (6),1h 23m
855. Premalo,7.3, (1.1K),2h 8m
857. Dheera,7.9, (1.3K),2h 3m
859. Mr. Natwarlal,6.4, (779),2h 10m
860. Me and the Dragon's Daughter,5.2, (10),1h 15m
863. Heavens: The Boy and His Robot,6.3, (22),1h 38m
864. Max Beyond,6.6, (17),1h 33m
865. Gally Gang Stars,9.0, (2K),2h 37m
866. Rudra: The Beginning,9.4, (38),2h 15m
869. Seetha Kalyana Vaibhogame,8.6, (2K),2h 26m
870. Rooban,6.5, (276),2h 5m
872. Sathyam,7.3, (8),2h 14m
873. Vorovka,4.8, (51),1h 30m
875. Death Game,5.2, (14),1h 27m
878. Kade,6.7, (16),1h 32m
881. Atu Nuvve Itu Nuvve,6.5, (12),2h 3m
882. Lolipop Gang,3.6, (7),1h 30m
883. Useful Idiots,8.3, (19),1h 32m
887. The Deal,8.5, (26),2h 10m
889. Re Xue Ran Shao,4.2, (18),1h 53m
896. Opasni shmatki,5.2, (31),1h 32m
897. Vi possiamo salvare,2.7, (103),1h 29m
900. Seven Heroes Beat the Monster,6.8, (51),1h 29m
909. Jiwa 8 Belas,5.0, (19),1h 26m
913. Gintama the Movie 2D: Courtesan of the Nation Arc,7.8, (6),1h 49m
916. Riddle of the Shadow Lotus,6.3, (53),1h 32m
924. AK47,7.2, (14),2h 26m
925. Battling to Survive,7.0, (53),1h 14m
926. Guxim,7.7, (34),1h 15m
928. Leha,2.3, (42),1h 38m
932. Guns Blazin,7.1, (9),1h 28m
933. The ShortCut,7.7, (1.8K),2h 18m
934. SMB-plush presents trick or death,8.8, (16),2h
935. La Tamalera,8.2, (9),1h 55m
939. Roudhra Rupaya,7.6, (2K),2h 12m
940. Dirty Fellow,6.8, (3.8K),1h 59m
943. Dheera Bhagat Roy,8.6, (1.1K),2h 30m
944. Tranquility: Ghost Stories,7.6, (53),1h 28m
947. Blood Vendetta,7.7, (237),1h 30m
948. The Winter Prophecy,7.9, (13),52m
950. Three Old Captors,7.0, (50),1h 34m
953. Oversteer,5.2, (19),1h 26m
956. A Reel Heist,5.2, (58),1h 56m
958. StarGazer: The Need of the Many,5.0, (9),47m
961. No Man Standing,8.6, (11),1h 33m
964. Kallu Compound 1995,8.0, (2K),2h 20m
966. Yentha Panichesav Chanti,9.5, (85),2h 15m
971. Urban Vengeance,4.8, (12),1h 19m
972. Travesty,6.4, (5),1h 18m
974. Kyle and the Last Emerald 2,8.4, (7),15m
979. Krapiva: Tsvetok smerti,6.1, (56),1h 21m
981. Best Cop Ever,4.3, (49),2h 2m
984. Daanvi,1.7, (7),1h 57m
988. The Mirage,8.9, (10),1h 46m
1003. War with the Evil,6.3, (52),1h 25m
1005. Passazhiry,4.5, (32),1h 20m
1008. The Domino File,4.7, (7),1h 42m
1015. Cholay,8.6, (56),1h
1022. Isle: Alpha One,8.4, (7),1h 37m
1023. Out of the Shadow,6.5, (6),1h 29m
"1025. La Protegida, La Película",9.3, (16),1h 7m
1026. Pithala Maathi,7.6, (843),2h 20m
1028. Bad Ass Sista,6.9, (8),1h 20m
1033. PW V: Tears of the Fallen,8.2, (11),1h
1035. Full Clip for a Snitch,3.9, (18),1h 15m
1036. S-99,8.7, (2.1K),1h 59m
1039. El Junior Del Patron,7.4, (10),1h 32m
1041. Xiao zi,3.5, (12),1h 41m
1043. Drunken Swordsman,6.7, (50),1h 31m
1051. Sehnsucht nach Firdaws,8.5, (6),1h 43m
1059. Los Hijos De Camelia y Emilio,6.4, (29),1h 22m
1065. Sesh Bazi,6.2, (10),2h 12m
1068. The End of Hen,9.8, (10),1h 7m
1070. Po du xing dong,6.8, (5),1h 19m
1079. Speed Fight,6.8, (52),1h 27m
1084. The Overseas Killer,6.4, (52),1h 44m
1088. The Kills,8.8, (9),1h 10m
1089. Jimmy's Friends,7.0, (11),1h 34m
1099. El Cartel De Teresa,8.0, (9),1h 36m
1116. The Vent,8.9, (14),3m
1118. Kyle and the Last Emerald,5.5, (18),20m
1119. Captain Superb and the Angel of Destiny,3.3, (14),2h
1127. Faster: Only one lap,6.9, (24),1h 30m
1131. Mahserin Üç Delisi,5.9, (16),1h 18m
1136. Lealtad o Morir,8.2, (9),1h 27m
1140. Siete Vidas - El Levanton,9.6, (5),45m
1157. Las Hermanas Del Cartel,8.2, (5),1h 31m
1165. Piri Reis: The Incredible Chart,6.9, (22),2h 18m
1206. Duelo De Capos,6.3, (29),1h 23m
1213. Luna de Hiel,5.8, (21),1h 23m
1217. Bring Back the Colour,6.4, (8),47m
1224. Spider-Man: Dimension Rift,8.4, (13),2h 7m
1231. Zen Fist,7.2, (8),45m
1232. Killer Lee,1.9, (9),1h 27m
1241. Mandya Haida,6.2, (230),2h 19m
1259. Action of Intelligenagency,6.7, (52),1h 25m
1263. Anger,8.8, (18),1h 23m
1290. Gadha17,8.0, (11),1h 30m
1307. Runnin' from Wolves,7.2, (10),2h 13m
1309. Bush Knife,7.0, (7),1h 30m
1313. Whispers of the Imperial City,6.8, (53),1h 30m
1334. Jefa De Jefas,8.2, (9),1h 22m
